{
  "_note1": "KEEP THIS FILE! Check it into a version control system (VCS) like git.",
  "_note2": "ObjectBox manages crucial IDs for your object model. See docs for details.",
  "_note3": "If you have VCS merge conflicts, you must resolve them according to ObjectBox docs.",
  "entities": [
    {
      "id": "1:809911937287307525",
      "lastPropertyId": "6:8587563063839365646",
      "name": "User",
      "properties": [
        {
          "id": "1:1941519984191485508",
          "name": "id",
          "type": 6,
          "flags": 1
        },
        {
          "id": "2:3932237664095723737",
          "name": "name",
          "type": 9
        },
        {
          "id": "3:780841364355862883",
          "name": "age",
          "type": 6,
          "flags": 8,
          "indexId": "1:726255872690388141"
        },
        {
          "id": "4:8848635698950130431",
          "name": "emailAddress",
          "type": 9,
          "flags": 34848,
          "indexId": "2:4237212672702418411"
        },
        {
          "id": "5:78315925516284058",
          "name": "userName",
          "type": 9,
          "flags": 2048,
          "indexId": "3:8322511466505499924"
        },
        {
          "id": "6:8587563063839365646",
          "name": "privateField",
          "type": 9
        }
      ],
      "relations": []
    },
    {
      "id": "2:5540863766080113280",
      "lastPropertyId": "4:518348531977396903",
      "name": "TempEntity",
      "properties": [
        {
          "id": "1:8752902886420371931",
          "name": "id",
          "type": 6,
          "flags": 1
        },
        {
          "id": "3:5509928153085408674",
          "name": "tempId",
          "type": 6
        },
        {
          "id": "4:518348531977396903",
          "name": "customType",
          "type": 9
        }
      ],
      "relations": []
    }
  ],
  "lastEntityId": "2:5540863766080113280",
  "lastIndexId": "3:8322511466505499924",
  "lastRelationId": "0:0",
  "lastSequenceId": "0:0",
  "modelVersion": 5,
  "modelVersionParserMinimum": 5,
  "retiredEntityUids": [],
  "retiredIndexUids": [],
  "retiredPropertyUids": [
    591738278221678512
  ],
  "retiredRelationUids": [],
  "version": 1
}